"avg_steps","avg_calories","avg_active_minutes"
7280.89835361489,2266.26556907659,218.455261274159
